INSERT INTO SEEK_COM_CD_GROUP (GROUP_CD, GROUP_CD_NM, CREATE_DT, CREATE_UID, MODIFY_DT, MODIFY_UID)
VALUES
  ('ANALYSIS_MODE_CCD', '분석 모드 공통코드', NOW(), '00000000-0000-0000-0000-000000000000', NOW(), '00000000-0000-0000-0000-000000000000'),
  ('ANALYSIS_STATUS_CCD', '분석 상태 공통코드', NOW(), '00000000-0000-0000-0000-000000000000', NOW(), '00000000-0000-0000-0000-000000000000'),
  ('DETECTION_TYPE_CCD', '검출_타입_공통코드', NOW(), '00000000-0000-0000-0000-000000000000', NOW(), '00000000-0000-0000-0000-000000000000'),
  ('FILE_SE_CCD', '파일 구분 공통코드', NOW(), '00000000-0000-0000-0000-000000000000', NOW(), '00000000-0000-0000-0000-000000000000'),
  ('COUNTRY_CCD', '국가 공통코드', NOW(), '00000000-0000-0000-0000-000000000000', NOW(), '00000000-0000-0000-0000-000000000000'),
  ('ARTICLE_TYPE_CCD', '게시글 타입 공통코드', NOW(), '00000000-0000-0000-0000-000000000000', NOW(), '00000000-0000-0000-0000-000000000000');

INSERT INTO SEEK_COM_CD (GROUP_CD, COM_CD, COM_CD_NM, SORT_SN, USE_YN, CREATE_DT, CREATE_UID, MODIFY_DT, MODIFY_UID)
VALUES
  ('ANALYSIS_MODE_CCD', 'PROXY_REVERSE_PRE', '프록시 역방향 전처리', 1, 'Y', NOW(), '00000000-0000-0000-0000-000000000000', NOW(), '00000000-0000-0000-0000-000000000000'),
  ('ANALYSIS_MODE_CCD', 'PROXY_REVERSE_ASYNC_PRE', '프록시 역방향 전처리(비동기)', 2, 'Y', NOW(), '00000000-0000-0000-0000-000000000000', NOW(), '00000000-0000-0000-0000-000000000000'),
  ('ANALYSIS_MODE_CCD', 'PROXY_REVERSE_POST', '프록시 역방향 후처리', 3, 'Y', NOW(), '00000000-0000-0000-0000-000000000000', NOW(), '00000000-0000-0000-0000-000000000000'),
  ('ANALYSIS_MODE_CCD', 'PROXY_REVERSE_ASYNC_POST', '프록시 역방향 후처리(비동기)', 4, 'Y', NOW(), '00000000-0000-0000-0000-000000000000', NOW(), '00000000-0000-0000-0000-000000000000'),
  ('ANALYSIS_MODE_CCD', 'PROXY_FORWARD_PRE', '프록시 순방향 전처리', 1, 'Y', NOW(), '00000000-0000-0000-0000-000000000000', NOW(), '00000000-0000-0000-0000-000000000000'),
  ('ANALYSIS_MODE_CCD', 'PROXY_FORWARD_ASYNC_PRE', '프록시 순방향 전처리(비동기)', 2, 'Y', NOW(), '00000000-0000-0000-0000-000000000000', NOW(), '00000000-0000-0000-0000-000000000000'),
  ('ANALYSIS_MODE_CCD', 'PROXY_FORWARD_POST', '프록시 순방향 후처리', 3, 'Y', NOW(), '00000000-0000-0000-0000-000000000000', NOW(), '00000000-0000-0000-0000-000000000000'),
  ('ANALYSIS_MODE_CCD', 'PROXY_FORWARD_ASYNC_POST', '프록시 순방향 후처리(비동기)', 4, 'Y', NOW(), '00000000-0000-0000-0000-000000000000', NOW(), '00000000-0000-0000-0000-000000000000'),
  ('ANALYSIS_MODE_CCD', 'DATABASE', '데이터베이스', 5, 'Y', NOW(), '00000000-0000-0000-0000-000000000000', NOW(), '00000000-0000-0000-0000-000000000000'),
  ('ANALYSIS_MODE_CCD', 'DETECTION_FILE', '파일 탐지', 6, 'Y', NOW(), '00000000-0000-0000-0000-000000000000', NOW(), '00000000-0000-0000-0000-000000000000'),
  ('ANALYSIS_STATUS_CCD', 'WAIT', '대기', 1, 'Y', NOW(), '00000000-0000-0000-0000-000000000000', NOW(), '00000000-0000-0000-0000-000000000000'),
  ('ANALYSIS_STATUS_CCD', 'PROCESSING', '진행중', 2, 'Y', NOW(), '00000000-0000-0000-0000-000000000000', NOW(), '00000000-0000-0000-0000-000000000000'),
  ('ANALYSIS_STATUS_CCD', 'COMPLETE', '완료', 3, 'Y', NOW(), '00000000-0000-0000-0000-000000000000', NOW(), '00000000-0000-0000-0000-000000000000'),
  ('ANALYSIS_STATUS_CCD', 'ERROR', '오류', 4, 'Y', NOW(), '00000000-0000-0000-0000-000000000000', NOW(), '00000000-0000-0000-0000-000000000000'),
  ('DETECTION_TYPE_CCD', 'high', '높음', 1, 'Y', NOW(), '00000000-0000-0000-0000-000000000000', NOW(), '00000000-0000-0000-0000-000000000000'),
  ('DETECTION_TYPE_CCD', 'mid', '중간', 2, 'Y', NOW(), '00000000-0000-0000-0000-000000000000', NOW(), '00000000-0000-0000-0000-000000000000'),
  ('DETECTION_TYPE_CCD', 'low', '낮음', 3, 'Y', NOW(), '00000000-0000-0000-0000-000000000000', NOW(), '00000000-0000-0000-0000-000000000000'),
  ('FILE_SE_CCD', '1010', '분석 요청 파일', 1, 'Y', NOW(), '00000000-0000-0000-0000-000000000000', NOW(), '00000000-0000-0000-0000-000000000000'),
  ('COUNTRY_CCD', 'KR', '한국', 1, 'Y', NOW(), '00000000-0000-0000-0000-000000000000', NOW(), '00000000-0000-0000-0000-000000000000'),
  ('ARTICLE_TYPE_CCD', 'TEXT', '글', 1, 'Y', NOW(), '00000000-0000-0000-0000-000000000000', NOW(), '00000000-0000-0000-0000-000000000000'),
  ('ARTICLE_TYPE_CCD', 'FILE', '파일', 2, 'Y', NOW(), '00000000-0000-0000-0000-000000000000', NOW(), '00000000-0000-0000-0000-000000000000');

INSERT INTO SEEK_USER (USER_UID, USER_ID, PASSWORD, NAME, USE_YN, CREATE_DT, CREATE_UID, MODIFY_DT, MODIFY_UID, DELETE_DT, DELETE_UID)
VALUES
  ('00000000-0000-0000-0000-000000000000', 'system', '', 'system', 'Y', NOW(), '00000000-0000-0000-0000-000000000000', NOW(), '00000000-0000-0000-0000-000000000000', NULL, NULL),
  ('99e574dd-05be-4d16-9a92-962445f11001', 'test1', '$2a$10$wpInCuqb06WHYONIRTsbWOLZ1ySrA7qDvSI0Mhsa0rhECCmglc2se', '테스터1', 'Y', NOW(), '00000000-0000-0000-0000-000000000000', NOW(), '00000000-0000-0000-0000-000000000000', NULL, NULL),
  ('99e574dd-05be-4d16-9a92-962445f11002', 'test2', '$2a$10$wpInCuqb06WHYONIRTsbWOLZ1ySrA7qDvSI0Mhsa0rhECCmglc2se', '테스터2', 'Y', NOW(), '00000000-0000-0000-0000-000000000000', NOW(), '00000000-0000-0000-0000-000000000000', NULL, NULL),
  ('99e574dd-05be-4d16-9a92-962445f11003', 'test3', '$2a$10$wpInCuqb06WHYONIRTsbWOLZ1ySrA7qDvSI0Mhsa0rhECCmglc2se', '테스터3', 'Y', NOW(), '00000000-0000-0000-0000-000000000000', NOW(), '00000000-0000-0000-0000-000000000000', NULL, NULL);
