INSERT INTO SEEK_COM_CD_GROUP (GROUP_CD, GROUP_CD_NM, CREATE_DT, CREATE_UID, MODIFY_DT, MODIFY_UID)
VALUES
  ('ANALYSIS_MODE_CCD', '분석 모드 공통코드', NOW(), '00000000-0000-0000-0000-000000000000', NOW(), '00000000-0000-0000-0000-000000000000'),
  ('ANALYSIS_STATUS_CCD', '분석 상태 공통코드', NOW(), '00000000-0000-0000-0000-000000000000', NOW(), '00000000-0000-0000-0000-000000000000'),
  ('DETECTION_TYPE_CCD', '검출_타입_공통코드', NOW(), '00000000-0000-0000-0000-000000000000', NOW(), '00000000-0000-0000-0000-000000000000'),
  ('FILE_SE_CCD', '파일 구분 공통코드', NOW(), '00000000-0000-0000-0000-000000000000', NOW(), '00000000-0000-0000-0000-000000000000'),
  ('COUNTRY_CCD', '국가 공통코드', NOW(), '00000000-0000-0000-0000-000000000000', NOW(), '00000000-0000-0000-0000-000000000000'),
  ('OUTBOUND_STATUS_CCD', '외부전송 상태 공통코드', NOW(), '00000000-0000-0000-0000-000000000000', NOW(), '00000000-0000-0000-0000-000000000000'),
  ('OUTBOUND_CHANNEL_CCD', '외부전송_채널_공통코드', NOW(), '00000000-0000-0000-0000-000000000000', NOW(), '00000000-0000-0000-0000-000000000000'),
  ('OUTBOUND_REASON_CCD', '외부전송_사유_공통코드', NOW(), '00000000-0000-0000-0000-000000000000', NOW(), '00000000-0000-0000-0000-000000000000'),
  ('ARTICLE_TYPE_CCD', '게시글 타입 공통코드', NOW(), '00000000-0000-0000-0000-000000000000', NOW(), '00000000-0000-0000-0000-000000000000');

INSERT INTO SEEK_COM_CD (GROUP_CD, COM_CD, COM_CD_NM, SORT_SN, USE_YN, CREATE_DT, CREATE_UID, MODIFY_DT, MODIFY_UID)
VALUES
  ('ANALYSIS_MODE_CCD', 'PROXY_REVERSE_PRE', '프록시 역방향 전처리', 1, 'Y', NOW(), '00000000-0000-0000-0000-000000000000', NOW(), '00000000-0000-0000-0000-000000000000'),
  ('ANALYSIS_MODE_CCD', 'PROXY_REVERSE_ASYNC_PRE', '프록시 역방향 전처리(비동기)', 2, 'Y', NOW(), '00000000-0000-0000-0000-000000000000', NOW(), '00000000-0000-0000-0000-000000000000'),
  ('ANALYSIS_MODE_CCD', 'PROXY_REVERSE_POST', '프록시 역방향 후처리', 3, 'Y', NOW(), '00000000-0000-0000-0000-000000000000', NOW(), '00000000-0000-0000-0000-000000000000'),
  ('ANALYSIS_MODE_CCD', 'PROXY_REVERSE_ASYNC_POST', '프록시 역방향 후처리(비동기)', 4, 'Y', NOW(), '00000000-0000-0000-0000-000000000000', NOW(), '00000000-0000-0000-0000-000000000000'),
  ('ANALYSIS_MODE_CCD', 'PROXY_FORWARD_PRE', '프록시 순방향 전처리', 1, 'Y', NOW(), '00000000-0000-0000-0000-000000000000', NOW(), '00000000-0000-0000-0000-000000000000'),
  ('ANALYSIS_MODE_CCD', 'PROXY_FORWARD_ASYNC_PRE', '프록시 순방향 전처리(비동기)', 2, 'Y', NOW(), '00000000-0000-0000-0000-000000000000', NOW(), '00000000-0000-0000-0000-000000000000'),
  ('ANALYSIS_MODE_CCD', 'PROXY_FORWARD_POST', '프록시 순방향 후처리', 3, 'Y', NOW(), '00000000-0000-0000-0000-000000000000', NOW(), '00000000-0000-0000-0000-000000000000'),
  ('ANALYSIS_MODE_CCD', 'PROXY_FORWARD_ASYNC_POST', '프록시 순방향 후처리(비동기)', 4, 'Y', NOW(), '00000000-0000-0000-0000-000000000000', NOW(), '00000000-0000-0000-0000-000000000000'),
  ('ANALYSIS_MODE_CCD', 'DATABASE', '데이터베이스', 5, 'Y', NOW(), '00000000-0000-0000-0000-000000000000', NOW(), '00000000-0000-0000-0000-000000000000'),
  ('ANALYSIS_MODE_CCD', 'DETECTION_FILE', '파일 탐지', 6, 'Y', NOW(), '00000000-0000-0000-0000-000000000000', NOW(), '00000000-0000-0000-0000-000000000000'),
  ('ANALYSIS_STATUS_CCD', 'WAIT', '대기', 1, 'Y', NOW(), '00000000-0000-0000-0000-000000000000', NOW(), '00000000-0000-0000-0000-000000000000'),
  ('ANALYSIS_STATUS_CCD', 'PROCESSING', '진행중', 2, 'Y', NOW(), '00000000-0000-0000-0000-000000000000', NOW(), '00000000-0000-0000-0000-000000000000'),
  ('ANALYSIS_STATUS_CCD', 'COMPLETE', '완료', 3, 'Y', NOW(), '00000000-0000-0000-0000-000000000000', NOW(), '00000000-0000-0000-0000-000000000000'),
  ('ANALYSIS_STATUS_CCD', 'ERROR', '오류', 4, 'Y', NOW(), '00000000-0000-0000-0000-000000000000', NOW(), '00000000-0000-0000-0000-000000000000'),
  ('DETECTION_TYPE_CCD', 'high', '높음', 1, 'Y', NOW(), '00000000-0000-0000-0000-000000000000', NOW(), '00000000-0000-0000-0000-000000000000'),
  ('DETECTION_TYPE_CCD', 'mid', '중간', 2, 'Y', NOW(), '00000000-0000-0000-0000-000000000000', NOW(), '00000000-0000-0000-0000-000000000000'),
  ('DETECTION_TYPE_CCD', 'low', '낮음', 3, 'Y', NOW(), '00000000-0000-0000-0000-000000000000', NOW(), '00000000-0000-0000-0000-000000000000'),
  ('FILE_SE_CCD', '1010', '분석 요청 파일', 1, 'Y', NOW(), '00000000-0000-0000-0000-000000000000', NOW(), '00000000-0000-0000-0000-000000000000'),
  ('COUNTRY_CCD', 'KR', '한국', 1, 'Y', NOW(), '00000000-0000-0000-0000-000000000000', NOW(), '00000000-0000-0000-0000-000000000000'),
  ('OUTBOUND_STATUS_CCD', 'SENT', '전송', 1, 'Y', NOW(), '00000000-0000-0000-0000-000000000000', NOW(), '00000000-0000-0000-0000-000000000000'),
  ('OUTBOUND_STATUS_CCD', 'BLOCKED', '차단', 2, 'Y', NOW(), '00000000-0000-0000-0000-000000000000', NOW(), '00000000-0000-0000-0000-000000000000'),
  ('OUTBOUND_CHANNEL_CCD', 'https', 'HTTPS', 1, 'Y', NOW(), '00000000-0000-0000-0000-000000000000', NOW(), '00000000-0000-0000-0000-000000000000'),
  ('OUTBOUND_CHANNEL_CCD', 'smtp', 'SMTP', 2, 'Y', NOW(), '00000000-0000-0000-0000-000000000000', NOW(), '00000000-0000-0000-0000-000000000000'),
  ('OUTBOUND_CHANNEL_CCD', 'messenger', 'MESSENGER', 3, 'Y', NOW(), '00000000-0000-0000-0000-000000000000', NOW(), '00000000-0000-0000-0000-000000000000'),
  ('OUTBOUND_CHANNEL_CCD', 'usb', 'USB', 4, 'Y', NOW(), '00000000-0000-0000-0000-000000000000', NOW(), '00000000-0000-0000-0000-000000000000'),
  ('OUTBOUND_CHANNEL_CCD', 'print', 'PRINT', 5, 'Y', NOW(), '00000000-0000-0000-0000-000000000000', NOW(), '00000000-0000-0000-0000-000000000000'),
  ('OUTBOUND_REASON_CCD', 'OK_browser3', '브라우저 1차 검사 통과', 1, 'Y', NOW(), '00000000-0000-0000-0000-000000000000', NOW(), '00000000-0000-0000-0000-000000000000'),
  ('OUTBOUND_REASON_CCD', 'BLOCK_browser1', '동일 프로세스 2회 이상 읽기 → 차단', 2, 'Y', NOW(), '00000000-0000-0000-0000-000000000000', NOW(), '00000000-0000-0000-0000-000000000000'),
  ('OUTBOUND_REASON_CCD', 'BLOCK_browser2', '검증 결과 파일 불허', 3, 'Y', NOW(), '00000000-0000-0000-0000-000000000000', NOW(), '00000000-0000-0000-0000-000000000000'),
  ('OUTBOUND_REASON_CCD', 'BLOCK_browser_pdf', '브라우저 PDF 전송 차단', 4, 'Y', NOW(), '00000000-0000-0000-0000-000000000000', NOW(), '00000000-0000-0000-0000-000000000000'),
  ('OUTBOUND_REASON_CCD', 'BLOCK_messenger_pdf', '메신저 PDF 차단', 5, 'Y', NOW(), '00000000-0000-0000-0000-000000000000', NOW(), '00000000-0000-0000-0000-000000000000'),
  ('OUTBOUND_REASON_CCD', 'BLOCK_browser_image', '이미지 첨부 차단', 5, 'Y', NOW(), '00000000-0000-0000-0000-000000000000', NOW(), '00000000-0000-0000-0000-000000000000'),
  ('OUTBOUND_REASON_CCD', 'BLOCK_kakao_image', '이미지 첨부 차단(kakao)', 5, 'Y', NOW(), '00000000-0000-0000-0000-000000000000', NOW(), '00000000-0000-0000-0000-000000000000'),
  ('OUTBOUND_REASON_CCD', 'OK_usb', 'USB 정책 결과(전송)', 5, 'Y', NOW(), '00000000-0000-0000-0000-000000000000', NOW(), '00000000-0000-0000-0000-000000000000'),
  ('OUTBOUND_REASON_CCD', 'BLOCK_usb', 'USB 정책 결과(차단)', 5, 'Y', NOW(), '00000000-0000-0000-0000-000000000000', NOW(), '00000000-0000-0000-0000-000000000000'),
  ('OUTBOUND_REASON_CCD', 'BLOCK_usb_nonzip', 'USB 정책 결과(ZIP아님)', 5, 'Y', NOW(), '00000000-0000-0000-0000-000000000000', NOW(), '00000000-0000-0000-0000-000000000000'),
  ('OUTBOUND_REASON_CCD', 'BLOCK_usb_pdf_create', 'USB에 PDF 생성 차단', 5, 'Y', NOW(), '00000000-0000-0000-0000-000000000000', NOW(), '00000000-0000-0000-0000-000000000000'),
  ('OUTBOUND_REASON_CCD', 'BLOCK_usb_pdf_rename', 'USB에 PDF 이동 차단', 5, 'Y', NOW(), '00000000-0000-0000-0000-000000000000', NOW(), '00000000-0000-0000-0000-000000000000'),
  ('OUTBOUND_REASON_CCD', 'allowed_sig', '허용(서명 유효)', 5, 'Y', NOW(), '00000000-0000-0000-0000-000000000000', NOW(), '00000000-0000-0000-0000-000000000000'),
  ('OUTBOUND_REASON_CCD', 'sig_missing', '차단(동일이름 .sig 없음)', 5, 'Y', NOW(), '00000000-0000-0000-0000-000000000000', NOW(), '00000000-0000-0000-0000-000000000000'),
  ('OUTBOUND_REASON_CCD', 'sig_invalid', '서명 불일치/검증실패', 5, 'Y', NOW(), '00000000-0000-0000-0000-000000000000', NOW(), '00000000-0000-0000-0000-000000000000'),
  ('OUTBOUND_REASON_CCD', 'sig_error', '검증 에러', 5, 'Y', NOW(), '00000000-0000-0000-0000-000000000000', NOW(), '00000000-0000-0000-0000-000000000000'),
  ('OUTBOUND_REASON_CCD', 'path_unknown', '문서 경로 미확인', 5, 'Y', NOW(), '00000000-0000-0000-0000-000000000000', NOW(), '00000000-0000-0000-0000-000000000000'),
  ('OUTBOUND_REASON_CCD', 'cancel_fail', '인쇄 취소 실패', 5, 'Y', NOW(), '00000000-0000-0000-0000-000000000000', NOW(), '00000000-0000-0000-0000-000000000000'),
  ('ARTICLE_TYPE_CCD', 'TEXT', '글', 1, 'Y', NOW(), '00000000-0000-0000-0000-000000000000', NOW(), '00000000-0000-0000-0000-000000000000'),
  ('ARTICLE_TYPE_CCD', 'FILE', '파일', 2, 'Y', NOW(), '00000000-0000-0000-0000-000000000000', NOW(), '00000000-0000-0000-0000-000000000000');

INSERT INTO SEEK_USER (USER_UID, USER_ID, PASSWORD, NAME, USE_YN, CREATE_DT, CREATE_UID, MODIFY_DT, MODIFY_UID, DELETE_DT, DELETE_UID)
VALUES
  ('00000000-0000-0000-0000-000000000000', 'system', '', 'system', 'Y', NOW(), '00000000-0000-0000-0000-000000000000', NOW(), '00000000-0000-0000-0000-000000000000', NULL, NULL),
  ('99e574dd-05be-4d16-9a92-962445f11001', 'test1', '$2a$10$wpInCuqb06WHYONIRTsbWOLZ1ySrA7qDvSI0Mhsa0rhECCmglc2se', '테스터1', 'Y', NOW(), '00000000-0000-0000-0000-000000000000', NOW(), '00000000-0000-0000-0000-000000000000', NULL, NULL),
  ('99e574dd-05be-4d16-9a92-962445f11002', 'test2', '$2a$10$wpInCuqb06WHYONIRTsbWOLZ1ySrA7qDvSI0Mhsa0rhECCmglc2se', '테스터2', 'Y', NOW(), '00000000-0000-0000-0000-000000000000', NOW(), '00000000-0000-0000-0000-000000000000', NULL, NULL),
  ('99e574dd-05be-4d16-9a92-962445f11003', 'test3', '$2a$10$wpInCuqb06WHYONIRTsbWOLZ1ySrA7qDvSI0Mhsa0rhECCmglc2se', '테스터3', 'Y', NOW(), '00000000-0000-0000-0000-000000000000', NOW(), '00000000-0000-0000-0000-000000000000', NULL, NULL);
